{
 "sections": [
  {
   "id": "9d596534-cd87-d99e-bca7-59ec4c7e5d20",
   "title": "Page 1",
   "files": [],
   "path": [],
   "type": "markdown",
   "content-file": ".guides/content/Page-1-9d59.md",
   "chapter": false,
   "reset": [],
   "teacherOnly": false,
   "learningObjectives": ""
  },
  {
   "id": "7867ec53-98e1-b7eb-92bd-b170e9728deb",
   "title": "Page 2",
   "files": [],
   "path": [],
   "type": "markdown",
   "content-file": ".guides/content/Page-2-7867.md",
   "chapter": false,
   "reset": [],
   "teacherOnly": false,
   "learningObjectives": ""
  }
 ],
 "theme": "light",
 "scripts": [],
 "lexikonTopic": "",
 "useSubmitButtons": true,
 "useMarkAsComplete": true
}